email,ip_address,gender
jharesign1@topsy.com,226.146.162.75,Female
sjehu3@cnn.com,98.108.137.182,Female
dfotitt4@hostgator.com,151.178.234.236,Female
tdepinna5@wunderground.com,136.170.89.144,Female
csouten9@bandcamp.com,172.57.105.177,Female
falthropeb@drupal.org,117.111.11.224,Female
kbeesleyc@freewebs.com,180.95.139.5,Female
cmckertonh@myspace.com,28.188.15.162,Female
jfomichkini@sitemeter.com,107.196.35.42,Female
jlangelayj@hibu.com,23.148.174.65,Female
jpischofk@google.fr,214.7.14.236,Female
hgarrawayo@ovh.net,106.201.120.172,Female
rpybworthq@senate.gov,114.53.62.28,Female
abibbs@theglobeandmail.com,6.51.44.131,Female
jmatieuv@seattletimes.com,60.8.138.112,Female
uferraronw@creativecommons.org,105.160.188.176,Female
jharraway11@live.com,69.204.6.56,Female
sczajkowski12@nsw.gov.au,48.57.50.83,Female
nhampe13@intel.com,162.137.75.158,Female
bdalziell14@indiegogo.com,96.35.121.196,Female
ljancar15@merriam-webster.com,194.218.104.181,Female
nheynen17@cnet.com,242.210.110.214,Female
eoskehan19@netscape.com,103.58.165.252,Female
ekellock1b@amazon.de,35.124.81.207,Female
lsambrok1d@reference.com,15.36.185.122,Female
ddelamaine1e@ezinearticles.com,133.232.225.141,Female
lheffron1j@va.gov,14.145.106.36,Female
akingstne1l@goo.gl,187.239.11.4,Female
rskillington1m@opensource.org,4.72.24.176,Female
odowne1n@ocn.ne.jp,118.160.201.209,Female
catthowe1q@canalblog.com,104.130.48.118,Female
mpibsworth1r@redcross.org,194.243.187.89,Female
scandy1s@harvard.edu,215.66.96.229,Female
rcastagno1t@bloomberg.com,13.40.103.43,Female
lpardue1v@behance.net,222.120.210.10,Female
pmcleoid1z@va.gov,247.122.6.81,Female
ksimonsen20@hexun.com,212.241.27.189,Female
whannis23@php.net,56.46.116.213,Female
cbickford25@ebay.co.uk,33.182.194.22,Female
scrook29@flickr.com,78.108.143.18,Female
aberzon2c@engadget.com,180.158.208.60,Female
sgallally2d@yahoo.com,82.148.65.204,Female
hgravell2g@cloudflare.com,103.140.41.113,Female
climming2h@themeforest.net,162.34.141.190,Female
hwincott2i@bbc.co.uk,188.53.181.117,Female
lrabbage2k@marketwatch.com,86.155.240.75,Female
nloveredge2l@newsvine.com,95.81.36.205,Female
preddan2o@amazonaws.com,83.28.171.43,Female
ubucham2q@biblegateway.com,208.31.31.222,Female
